spectral_index,ecut_keV,is_upper_limit,spectral_index_err_low,spectral_index_err_high,ecut_err_low,ecut_err_high,label
1.66,170.0,False,0.04,0.04,30.0,40.0,NGC 262
1.88,230.0,True,0.09,0.09,,,ESO 195-IG021
1.6,50.0,True,0.5,0.3,,,NGC 454 E
1.77,230.0,True,0.15,0.03,,,NGC 513
1.47,170.0,False,0.09,0.25,50.0,,NGC 612
1.59,70.0,False,0.09,0.09,20.0,40.0,2MASX J0140
1.7,200.0,False,0.2,0.2,100.0,,MCG -01-05-047
1.7,200.0,False,0.2,0.2,100.0,,NGC 788
1.68,480.0,True,0.03,0.03,,,ESO 416-G002
1.36,80.0,False,0.09,0.09,20.0,40.0,NGC 1052
1.4,130.0,False,0.5,0.5,80.0,,2MFGC 2280
1.5,140.0,False,0.2,0.2,60.0,100.0,NGC 1194
1.6,82.4,True,0.4,0.1,,,NGC 1229
2.07,190.0,True,0.1,0.03,,,MCG +00-09-042
1.9,290.0,False,0.08,0.08,100.0,200.0,NGC 1365
1.69,240.0,True,0.09,0.04,,,2MASX J0356
1.8,70.0,True,0.3,0.3,,,3C 105
1.4,70.0,False,0.4,0.2,30.0,40.0,2MASX J0423
1.9,60.0,True,0.4,0.1,,,MCG +03-13-001
1.8,190.0,False,0.2,0.2,90.0,,CGCG 420-015
2.2,460.0,True,0.07,0.07,,,ESO 033-G002
1.68,350.0,False,0.06,0.08,150.0,,LEDA 178130
1.71,160.0,False,0.07,0.07,60.0,200.0,2MASX J0508
1.71,190.0,True,0.06,0.06,,,ESO 553-G043
1.64,300.0,False,0.02,0.02,30.0,50.0,NGC 2110
1.83,140.0,True,0.05,0.18,,,ESO 005-G004
1.52,150.0,False,0.08,0.08,30.0,60.0,Mrk 3
1.87,150.0,True,0.17,0.09,,,ESO 121-IG028
1.4,90.0,True,0.1,0.1,,,LEDA 549777
1.6,90.0,False,0.1,0.1,30.0,80.0,LEDA 511628
1.8,110.0,True,0.3,0.1,,,MCG +06-16-028
1.3,60.0,False,0.2,0.2,20.0,40.0,IRAS 07378-3136
1.5,100.0,False,0.2,0.2,40.0,110.0,UGC 3995 A
1.6,90.0,False,0.1,0.1,20.0,40.0,Mrk 1210
1.4,110.0,False,0.1,0.1,30.0,60.0,MCG -01-22-006
1.78,110.0,True,0.33,0.05,,,CGCG 150-014
1.97,140.0,True,0.04,0.16,,,MCG +11-11-032
1.9,270.0,True,0.2,0.2,,,2MASX J0903
1.5,70.0,False,0.09,0.09,20.0,60.0,2MASX J0911
1.8,200.0,False,0.1,0.1,90.0,,IC 2461
1.93,110.0,False,0.09,0.09,30.0,50.0,MCG -01-24-012
1.1,40.0,False,0.6,0.6,20.0,90.0,2MASX J0923
1.74,380.0,True,0.02,0.02,,,NGC 2992
1.93,150.0,False,0.02,0.02,10.0,10.0,MCG -05-23-016
1.1,40.0,False,0.4,0.4,10.0,20.0,NGC 3079
1.7,120.0,True,0.2,0.2,,,ESO 263-G013
1.25,70.0,False,0.11,0.09,10.0,10.0,NGC 3281
2.0,108.7,True,0.3,0.1,,,MCG +12-10-067
1.6,170.0,True,0.08,0.05,,,MCG +06-24-008
1.3,80.0,False,0.3,0.3,30.0,120.0,UGC 5881
1.8,160.0,False,0.3,0.2,100.0,,NGC 3393
1.51,130.0,False,0.02,0.02,40.0,120.0,Mrk 417
2.02,350.0,True,0.03,0.03,,,2MASX J1136
1.7,70.0,True,0.1,0.1,,,NGC 3822
1.7,280.0,True,0.05,0.05,,,B2 1204+34
1.85,320.0,True,0.06,0.03,,,IRAS 12074-4619
1.4,60.0,False,0.3,0.3,20.0,60.0,WAS 49
1.82,180.0,True,0.12,0.05,,,NGC 4258
1.64,210.0,False,0.06,0.08,40.0,120.0,NGC 4388
1.54,120.0,False,0.08,0.08,30.0,50.0,NGC 4395
1.41,80.0,False,0.11,0.09,10.0,20.0,NGC 4507
1.79,230.0,True,0.12,0.04,,,LEDA 170194
1.5,110.0,False,0.5,0.3,60.0,,NGC 4941
1.8,140.0,True,0.2,0.2,,,NGC 4939
1.91,240.0,True,0.03,0.03,,,NGC 4945
1.2,80.0,False,0.4,0.4,30.0,90.0,NGC 4992
1.6,50.0,False,0.1,0.1,10.0,20.0,Mrk 248
1.765,550.0,False,0.007,0.007,90.0,140.0,Cen A
1.5,70.0,False,0.1,0.1,20.0,50.0,ESO 509-IG066
1.67,330.0,False,0.04,0.04,100.0,150.0,NGC 5252
1.8,80.0,True,0.2,0.2,,,2MASX J1410
1.79,110.0,False,0.02,0.02,10.0,10.0,NGC 5506
1.9,130.0,True,0.2,0.2,,,NGC 5643
1.86,210.0,False,0.09,0.09,110.0,,NGC 5674
1.6,140.0,False,0.1,0.2,60.0,200.0,Mrk 477
1.3,80.0,False,0.2,0.1,20.0,30.0,NGC 5728
1.8,120.0,False,0.1,0.2,50.0,150.0,IC 4518A
1.71,140.0,True,0.09,0.06,,,2MASX J1506
1.96,340.0,True,0.05,0.08,,,NGC 5899
1.5,60.0,True,0.4,0.2,,,MCG +11-19-006
1.8,260.0,False,0.1,0.1,130.0,,MCG -01-40-001
2.02,340.0,True,0.01,0.05,,,NGC 5995
1.7,120.0,True,0.2,0.2,,,MCG +14-08-004
1.35,60.0,False,0.05,0.1,10.0,10.0,Mrk 1498
1.7,130.0,False,0.3,0.3,70.0,,IRAS 16288+3929
1.81,160.0,True,0.25,0.05,,,ESO 137-G034
1.83,170.0,True,0.09,0.09,,,LEDA 214543
1.4,90.0,False,0.2,0.2,30.0,70.0,NGC 6240
1.85,210.0,False,0.06,0.06,50.0,100.0,NGC 6300
1.66,200.0,False,0.09,0.09,90.0,,MCG +07-37-031
1.8,110.0,True,0.2,0.1,,,2MASX J1824
1.8,140.0,False,0.2,0.2,60.0,200.0,IC 4709
1.78,130.0,False,0.07,0.07,40.0,110.0,LEDA 3097193
1.78,100.0,False,0.05,0.05,10.0,20.0,ESO 103-G035
1.67,250.0,True,0.11,0.03,,,ESO 231-G026
1.9,150.0,False,0.2,0.2,80.0,,2MASX J1926
1.8,120.0,False,0.1,0.1,40.0,110.0,2MASX J1947
1.5,110.0,True,0.2,0.2,,,3C 403
1.58,130.0,False,0.08,0.08,30.0,70.0,Cyg A
1.9,80.0,True,0.2,0.2,,,2MASX J2006
1.6,170.0,False,0.2,0.2,70.0,,2MASX J2018
1.7,90.0,True,0.2,0.2,,,2MASX J2021
1.7,190.0,False,0.2,0.2,90.0,,NGC 6921
1.7,150.0,True,0.2,0.2,,,MCG +04-48-002
1.7,220.0,False,0.1,0.2,90.0,,IC 5063
1.91,100.0,True,0.3,0.07,,,NGC 7130
1.88,670.0,True,0.02,0.02,,,NGC 7172
1.57,200.0,True,0.08,0.06,,,MCG +06-49-019
1.71,220.0,True,0.18,0.04,,,NGC 7319
1.3,70.0,False,0.1,0.1,20.0,40.0,3C 452
1.7,200.0,False,0.2,0.2,80.0,190.0,NGC 7582
1.7,70.0,True,0.3,0.3,,,2MASX J2330
1.8,220.0,False,0.05,0.05,110.0,,PKS 2331-240
1.7,160.0,False,0.2,0.2,80.0,,PKS 2356-61
