Name,weeks,potential_points,active_flare_weeks,latest_new_point_mjd,latest_new_point_flux,latest_flare_flux_threshold,latest_potential_flare_point,latest_flare_active,latest_mdp99_percent,latest_mdp99_available,latest_potential_mdp99_percent,best_potential_mdp99_percent,latest_active_mdp99_percent,best_active_mdp99_percent,peak_potential_flux,mean_potential_flux,source_average_flux,latest_new_point_flux_cosi,latest_threshold_cosi_flux,cadence_run,lookback_weeks_run,detection_method_run,confirmed_flare_weeks,latest_confirmed_flare_active,latest_confirmed_sigma_delta,flare_threshold_multiplier_run,latest_flaring_downward_steps,omit_from_attention,quiescent_background_origin,scan_csv,flare_plot,potential_flare_plot,confirmed_flare_plot
4FGL J1159.5+2914,10,0,0,60850.00001157408,1.29e-06,7.325000000000001e-07,False,False,,False,,,,,,,6.271575312395049e-05,0.0002909590950876269,0.0001652151450788269,weekly,10.0,sigma,5,True,6.189259427450255,1.0,0,False,cache,DownloadedLC/incremental/4FGL_J1159.5+2914_incremental_scan_thr1p0.csv,,,DownloadedLC/incremental/4FGL_J1159.5+2914_confirmed_last_10w_thr1p0.png
4FGL J2232.6+1143,10,0,0,60850.00001157408,5.2e-07,2.732857142857143e-07,False,False,,False,,,,,,,0.00015485950992271804,0.0001305261951410176,6.859797013867218e-05,weekly,10.0,sigma,4,True,4.448201300426174,1.0,0,False,cache,DownloadedLC/incremental/4FGL_J2232.6+1143_incremental_scan_thr1p0.csv,,,DownloadedLC/incremental/4FGL_J2232.6+1143_confirmed_last_10w_thr1p0.png
4FGL J2202.7+4216,10,0,0,60850.00001157408,3.38e-07,1.6677777777777778e-07,False,False,,False,,,,,,,0.00013535847990209148,9.962473724107902e-05,4.915737363539107e-05,weekly,10.0,sigma,3,True,4.326737919029179,1.0,0,False,cache,DownloadedLC/incremental/4FGL_J2202.7+4216_incremental_scan_thr1p0.csv,,,DownloadedLC/incremental/4FGL_J2202.7+4216_confirmed_last_10w_thr1p0.png
4FGL J1642.9+3948,10,0,0,60850.00001157408,1.68e-07,1.376666666666667e-07,False,False,,False,,,,,,,0.00021207907001764676,0.000277325290706532,0.00022725266877340823,weekly,10.0,sigma,5,True,0.6641420981322609,1.0,0,False,cache,DownloadedLC/incremental/4FGL_J1642.9+3948_incremental_scan_thr1p0.csv,,,DownloadedLC/incremental/4FGL_J1642.9+3948_confirmed_last_10w_thr1p0.png
4FGL J1229.0+0202,10,0,0,60850.00001157408,5.4e-07,6.624999999999999e-07,False,False,,False,,,,,,,0.0009604726445804383,0.0016381552601439052,0.002009773814528402,weekly,10.0,sigma,2,False,-2.0245275025082132,1.0,0,False,cache,DownloadedLC/incremental/4FGL_J1229.0+0202_incremental_scan_thr1p0.csv,,,
4FGL J2253.9+1609,10,0,0,60850.00001157408,4.82e-07,,False,False,,False,,,,,,,0.0004830491378091973,0.00018167943573794753,,weekly,10.0,sigma,0,False,,1.0,0,False,computed,DownloadedLC/incremental/4FGL_J2253.9+1609_incremental_scan_thr1p0.csv,,,
4FGL J1129.8-1447,10,0,0,60850.00001157408,3.09e-07,,False,False,,False,,,,,,,0.0003987449847774464,0.0005181796639349913,,weekly,10.0,sigma,0,False,,1.0,0,False,computed,DownloadedLC/incremental/4FGL_J1129.8-1447_incremental_scan_thr1p0.csv,,,
4FGL J0224.2+0700,1,0,0,60794.00001157408,2.81e-07,,False,False,,False,,,,,,,0.000153852143765911,0.000547347967168943,,weekly,10.0,sigma,0,False,,1.0,0,False,computed,DownloadedLC/incremental/4FGL_J0224.2+0700_incremental_scan_thr1p0.csv,,,
4FGL J1357.1+1921,3,0,0,60731.00001157408,2.03e-07,,False,False,,False,,,,,,,0.000101729047578724,0.0002817161356530879,,weekly,10.0,sigma,0,False,,1.0,0,False,computed,DownloadedLC/incremental/4FGL_J1357.1+1921_incremental_scan_thr1p0.csv,,,
4FGL J1941.3-6210,3,0,0,60843.00001157408,1.76e-07,,False,False,,False,,,,,,,0.00023952590170594874,0.00018179939773034422,,weekly,10.0,sigma,0,False,,1.0,0,False,computed,DownloadedLC/incremental/4FGL_J1941.3-6210_incremental_scan_thr1p0.csv,,,
4FGL J1256.1-0547,9,0,0,60850.00001157408,1.63e-07,,False,False,,False,,,,,,,0.00018138129828461876,5.070844942896363e-05,,weekly,10.0,sigma,0,False,,1.0,0,False,computed,DownloadedLC/incremental/4FGL_J1256.1-0547_incremental_scan_thr1p0.csv,,,
4FGL J1800.6+7828,10,0,0,60850.00001157408,1.33e-07,,False,False,,False,,,,,,,4.183907829549679e-05,4.4896793912576236e-05,,weekly,10.0,sigma,0,False,,1.0,0,False,computed,DownloadedLC/incremental/4FGL_J1800.6+7828_incremental_scan_thr1p0.csv,,,
4FGL J0530.9+1332,1,0,0,60850.00001157408,1.21e-07,,False,False,,False,,,,,,,0.00020033117937064476,0.00020016402759208613,,weekly,10.0,sigma,0,False,,1.0,0,False,computed,DownloadedLC/incremental/4FGL_J0530.9+1332_incremental_scan_thr1p0.csv,,,
4FGL J0836.2+2141,1,0,0,60773.00001157408,1.2e-07,,False,False,,False,,,,,,,0.0014569476124097122,0.0022463260569979535,,weekly,10.0,sigma,0,False,,1.0,0,False,computed,DownloadedLC/incremental/4FGL_J0836.2+2141_incremental_scan_thr1p0.csv,,,
4FGL J2151.8-3027,3,0,0,60850.00001157408,1.18e-07,,False,False,,False,,,,,,,0.00043610574040681176,0.00036938563981454646,,weekly,10.0,sigma,0,False,,1.0,0,False,computed,DownloadedLC/incremental/4FGL_J2151.8-3027_incremental_scan_thr1p0.csv,,,
4FGL J0538.8-4405,10,0,0,60850.00001157408,1.14e-07,,False,False,,False,,,,,,,8.341242257335156e-05,4.835980948238277e-05,,weekly,10.0,sigma,0,False,,1.0,0,False,computed,DownloadedLC/incremental/4FGL_J0538.8-4405_incremental_scan_thr1p0.csv,,,
4FGL J2143.5+1743,3,0,0,60745.00001157408,1.03e-07,,False,False,,False,,,,,,,0.00015257383456004385,0.00010285087423778396,,weekly,10.0,sigma,0,False,,1.0,0,False,computed,DownloadedLC/incremental/4FGL_J2143.5+1743_incremental_scan_thr1p0.csv,,,
4FGL J2229.7-0832,4,0,0,60843.00001157408,9.9e-08,,False,False,,False,,,,,,,0.00010578931353257712,7.999144121870934e-05,,weekly,10.0,sigma,0,False,,1.0,0,False,computed,DownloadedLC/incremental/4FGL_J2229.7-0832_incremental_scan_thr1p0.csv,,,
4FGL J2211.2-1325,10,0,0,60843.00001157408,9.36e-08,1.674e-07,False,False,,False,,,,,,,0.0001375751386164013,9.5722456972425e-05,0.00017119593266222164,weekly,10.0,sigma,4,False,-1.8460526655257823,1.0,0,False,cache,DownloadedLC/incremental/4FGL_J2211.2-1325_incremental_scan_thr1p0.csv,,,
4FGL J1512.8-0906,6,0,0,60850.00001157408,8.78e-08,,False,False,,False,,,,,,,0.0002583128031890097,3.794656642481313e-05,,weekly,10.0,sigma,0,False,,1.0,0,False,computed,DownloadedLC/incremental/4FGL_J1512.8-0906_incremental_scan_thr1p0.csv,,,
4FGL J1248.9+4840,1,0,0,60773.00001157408,8.62e-08,,False,False,,False,,,,,,,0.000558952822565403,0.0008895342400693757,,weekly,10.0,sigma,0,False,,1.0,0,False,computed,DownloadedLC/incremental/4FGL_J1248.9+4840_incremental_scan_thr1p0.csv,,,
4FGL J0841.3+7053,1,0,0,60843.00001157408,7.27e-08,,False,False,,False,,,,,,,0.00019057540035632766,0.00010036772580813826,,weekly,10.0,sigma,0,False,,1.0,0,False,computed,DownloadedLC/incremental/4FGL_J0841.3+7053_incremental_scan_thr1p0.csv,,,
4FGL J0403.9-3605,2,0,0,60843.00001157408,6.44e-08,,False,False,,False,,,,,,,7.332626902591702e-05,2.190594788798676e-05,,weekly,10.0,sigma,0,False,,1.0,0,False,computed,DownloadedLC/incremental/4FGL_J0403.9-3605_incremental_scan_thr1p0.csv,,,
4FGL J1332.0-0509,3,0,0,60850.00001157408,6.15e-08,,False,False,,False,,,,,,,0.00012045095536515351,4.852532385283379e-05,,weekly,10.0,sigma,0,False,,1.0,0,False,computed,DownloadedLC/incremental/4FGL_J1332.0-0509_incremental_scan_thr1p0.csv,,,
4FGL J1740.5+5211,10,0,0,60843.00001157408,5.21e-08,,False,False,,False,,,,,,,4.916367012708041e-05,3.00329848343545e-05,,weekly,10.0,sigma,0,False,,1.0,0,False,computed,DownloadedLC/incremental/4FGL_J1740.5+5211_incremental_scan_thr1p0.csv,,,
4FGL J2327.5+0939,7,0,0,60850.00001157408,4.71e-08,,False,False,,False,,,,,,,0.00022227812195352078,0.00011306785735633776,,weekly,10.0,sigma,0,False,,1.0,0,False,computed,DownloadedLC/incremental/4FGL_J2327.5+0939_incremental_scan_thr1p0.csv,,,
4FGL J0217.4+7352,5,0,0,60689.00001157408,4.34e-08,,False,False,,False,,,,,,,0.0003533153680762278,0.0001387433531136123,,weekly,10.0,sigma,0,False,,1.0,0,False,computed,DownloadedLC/incremental/4FGL_J0217.4+7352_incremental_scan_thr1p0.csv,,,
4FGL J1224.9+2122,1,0,0,60850.00001157408,4.24e-08,,False,False,,False,,,,,,,0.00011038492816447398,1.4280764282592945e-05,,weekly,10.0,sigma,0,False,,1.0,0,False,computed,DownloadedLC/incremental/4FGL_J1224.9+2122_incremental_scan_thr1p0.csv,,,
4FGL J0539.9-2839,1,0,0,60843.00001157408,3.85e-08,,False,False,,False,,,,,,,0.00034505863117350374,0.00012245129833164737,,weekly,10.0,sigma,0,False,,1.0,0,False,computed,DownloadedLC/incremental/4FGL_J0539.9-2839_incremental_scan_thr1p0.csv,,,
4FGL J1626.0-2950,6,0,0,60829.00001157408,3.6e-08,,False,False,,False,,,,,,,0.00014519802719228662,3.4159776362059326e-05,,weekly,10.0,sigma,0,False,,1.0,0,False,computed,DownloadedLC/incremental/4FGL_J1626.0-2950_incremental_scan_thr1p0.csv,,,
4FGL J1044.6+8053,6,0,0,60836.00001157408,3.52e-08,,False,False,,False,,,,,,,5.069713327541443e-05,3.1228695039111625e-05,,weekly,10.0,sigma,0,False,,1.0,0,False,computed,DownloadedLC/incremental/4FGL_J1044.6+8053_incremental_scan_thr1p0.csv,,,
4FGL J2147.3-7536,1,0,0,60633.00001157408,3.06e-08,,False,False,,False,,,,,,,0.00010497458525027386,1.9971046176161533e-05,,weekly,10.0,sigma,0,False,,1.0,0,False,computed,DownloadedLC/incremental/4FGL_J2147.3-7536_incremental_scan_thr1p0.csv,,,
4FGL J1615.6+2130,1,0,0,60815.00001157408,2.93e-08,,False,False,,False,,,,,,,0.0008581888068159021,0.00034420006706553576,,weekly,10.0,sigma,0,False,,1.0,0,False,computed,DownloadedLC/incremental/4FGL_J1615.6+2130_incremental_scan_thr1p0.csv,,,
4FGL J0920.3-0443,2,0,0,60801.00001157408,2.77e-08,,False,False,,False,,,,,,,0.00032908601788583715,0.00012840120004137953,,weekly,10.0,sigma,0,False,,1.0,0,False,computed,DownloadedLC/incremental/4FGL_J0920.3-0443_incremental_scan_thr1p0.csv,,,
4FGL J1153.4+4931,1,0,0,60836.00001157408,2.71e-08,,False,False,,False,,,,,,,7.73580433786346e-05,2.5372389204441025e-05,,weekly,10.0,sigma,0,False,,1.0,0,False,computed,DownloadedLC/incremental/4FGL_J1153.4+4931_incremental_scan_thr1p0.csv,,,
